object_type,parent_object_id,name_lv,slug,summary_research_en,municipality,latitude,longitude,condition_category,ownership_type,cadastre_references,cadastre_verified_at,cadastre_source_url,historical_owner_families,source_url,source_accessed_at,notes
palace_or_castle,,Rundāles pils,rundales-pils,"Baroque/Rococo palace built 1736-1740 and 1763-1768 by architect Bartolomeo Rastrelli for Ernst Johann von Biron, Duke of Courland; now the state Rundāle Palace Museum.",Bauskas novads (Rundāles pagasts),56.4142,24.0164,class_a,state,,,,von Biron; Zubov; Shuvalov,https://en.wikipedia.org/wiki/Rund%C4%81le_Palace,2026-10-08,"Approximate coordinates. Alternate German name ""Schloss Ruhental"". Partially burned by Bermontian forces 1919; restoration announced complete 2015."
park_or_garden,rundales-pils,Rundāles pils franču dārzs un parks,rundales-pils-parks,"Approx. 10 ha regular French garden south of the palace, laid out by Rastrelli; tree plantings recorded to 1739, continued work during 1763-1768 construction phase.",Bauskas novads (Rundāles pagasts),56.4142,24.0164,,,,,,von Biron; Zubov,https://rundale.net/en/the-park/french-garden/history-of-the-garden/,2026-10-08,"Approximate coordinates, same as palace. Source describes maintenance through WWI, 1930s restoration, and post-WWII sports grounds built on the parterre, but gives no present-day condition -- left null rather than assumed. Ownership plausibly shared with the palace (state) but not independently confirmed for the park itself. Hierarchy example: child of Rundāles pils."
outbuilding,rundales-pils,Rundāles pils staļļu ēku komplekss (Rietumu stallis),rundales-pils-zirgu-stalli,"One of 16 buildings of the Rundāle Palace ensemble (total ensemble area 14,249.2 m²); in 2017 the state budget allocated EUR 481,090 for roof, electrical and water-pipe repairs to the western stables building.",Bauskas novads (Rundāles pagasts),56.4142,24.0164,,,,,,von Biron; Zubov; Shuvalov,https://www.lsm.lv/raksts/kultura/kulturtelpa/atjaunos-rundales-pils-stallu-un-mencendorfa-nama-jumtu-segumu.a235826/,2026-10-08,"Approximate coordinates, same as palace. Source dated 2017 described the roof as having reached ""emergency state""; repairs since then were not reverified, so condition_category and current ownership are left null. Hierarchy example: outbuilding child of Rundāles pils."
palace_or_castle,,Mežotnes pils,mezotnes-pils,"Neoclassical palace built 1797-1802 for Charlotte von Lieven; damaged by looting (1919) and artillery (1944), restored, and operating as a hotel since 2001.",Bauskas novads (Mežotnes pagasts),56.4383,24.0530,,state,,,,"von Lieven (Charlotte, Johann, Paul, Anatol); von Medem (tenants, late Courland period)",https://eng.lsm.lv/article/culture/history/30.03.2024-historic-mezotne-palace-may-be-sold-off.a548638/,2026-10-08,Unresolved/unusual: transferred to the state Real Estate Agency (VNĪ) in 1996; a March 2024 article reported the state was weighing a sale of the palace. Outcome and current condition were not independently reverified.
ruin_or_historical_site,,Mežotnes pilskalns,mezotnes-pilskalns,"One of the largest hillforts of the ancient Semigallians, with two defensive rampart lines; most intensively settled 9th-14th century, attacked by German crusaders in 1220. First Latvian archaeological rampart backfilling carried out here in 2012 to stop erosion.",,,,historical_site,,,,,(none confirmed -- predates noble-family ownership; associated with the ancient Semigallian/Zemgaļi tribal society),https://pilskalnadargumi.bauska.lv/en,2026-10-08,"Deliberately NOT linked via parent_object_id to Mežotnes pils despite physical proximity: it predates the manor by centuries and is managed/interpreted as a separate heritage trail, not part of the estate. Coordinates and municipality could not be confirmed from source."
manor_estate,,Jaunmoku pils (Jaunmokas muiža),jaunmokas-muiza,Neo-Romanesque/Art Nouveau-influenced manor house built 1901-1903 for Jelgava mayor George Armitstead; major restoration from 1976; now houses a forestry museum.,Tukuma novads (Tumes pagasts),,,,,,,,Armitstead (George Armitstead); von Brincken (from 1904); von Ungern-Sternberg (1910-1918),https://en.wikipedia.org/wiki/Jaunmokas_Manor,2026-10-08,"Source itself gives inconsistent museum-opening years (1989 in one place, 1991 in another) -- noted as a source conflict rather than picked arbitrarily. Coordinates, current condition and current legal owner could not be verified and are left null."
palace_or_castle,,Jaunpils pils,jaunpils-pils,"Livonian Order castle held by the von der Recke family from 1576 to 1920 (originally granted to Matthias von der Recke, last komtur of Dobele); now converted into a hotel.",Tukuma novads (Jaunpils pagasts),56.7306,23.0211,,,,,,von der Recke (1576-1920),https://en.wikipedia.org/wiki/Jaunpils_Castle,2026-10-08,"""Jaunpils pils SIA"" is cited as an operating entity, but the source does not establish either current legal ownership or a current platform condition classification. Both remain null."
manor_house,,Cēsu Jaunā pils,cesu-jauna-pils,"Built from the medieval castle's outer-bailey gatehouse; rebuilt as a manor house in the 1760s, the only part of the Cēsis castle complex to undergo major renovation.",Cēsu novads,57.31333,25.27000,,,,,,"von Sievers (Count Karl Gustav von Sievers, 1830s)",https://en.wikipedia.org/wiki/Cēsis_Castle,2026-10-08,"Shared complex coordinates. Source gives detailed ownership/condition for the adjoining medieval ruins but not separately for the New Castle building; likely shares the ruins' municipal ownership but this was not independently confirmed, so left null."
ruin_or_historical_site,,Cēsu viduslaiku pilsdrupas,cesu-pilsdrupas,"Begun by the Livonian Brothers of the Sword 1208-1214, taken over by the Teutonic Order in 1237 and used as a residence of the Livonian Master; heavily damaged in the Livonian and Great Northern Wars, with conservation work beginning in the 1930s.",Cēsu novads,57.31333,25.27000,historical_site,municipality,,,,Livonian Brothers of the Sword / Teutonic (Livonian) Order; von Sievers (19th-century estate owners who laid out the surrounding landscape park),https://en.wikipedia.org/wiki/Cēsis_Castle,2026-10-08,"Explicitly owned by Cēsis Municipality per source. The ruins and Cēsu Jaunā pils belong to the same complex, but neither is a valid parent of the other; a future grouping relation may be needed."
manor_house,,Siguldas Jaunā pils,siguldas-jauna-pils,"New castle built 1878-1881 for the Kropotkin family on the site of an earlier 17th-century building; damaged in WWI, rebuilt 1936-1937 under architect August Birkhans; seat of the Sigulda Region Council since 1993.",Siguldas novads,57.16566,24.84971,,,,,,Kropotkin (Duke Dimitry and Duchess Olga); von Borch (earlier manor owners),https://en.wikipedia.org/wiki/Sigulda_Castle,2026-10-08,"Municipal use does not prove legal ownership, and active use does not prove a Class A condition. Both fields remain null pending authoritative verification."
ruin_or_historical_site,,Siguldas viduslaiku pils (drupas),siguldas-viduslaiku-pils,Medieval castle ruins visible across the Gauja valley from the New Castle; the English-language source gives almost no independent detail beyond their existence and visibility.,Siguldas novads,,,historical_site,,,,,(none confirmed in source),https://en.wikipedia.org/wiki/Sigulda_Castle,2026-10-08,"Genuinely incomplete record. The medieval and new castles belong to the same complex, but the newer castle is not a valid parent of the medieval ruins."
palace_or_castle,,Turaidas pils,turaidas-pils,"Brick castle (""Fredeland"") built from 1214 for the Archbishop of Riga; abandoned after an 1776 fire, excavated from 1976 and reconstructed; part of the state Turaida Museum Reserve.",Siguldas novads (Turaida),57.18222,24.85028,,,,,,Archbishopric of Riga (territorial overlord); von Rosen and von Tiesenhausen (bailiff families); Georg Krüdener (bailiff 1514-1534); Andreas Koskul (bailiff 1560-1566),https://en.wikipedia.org/wiki/Turaida_Castle,2026-10-08,"The source's ""Partly restored"" label does not establish that only cosmetic repairs are needed, so it cannot be mapped to Class B. Museum-reserve use also does not by itself prove legal ownership."
palace_or_castle,,Dundagas pils,dundagas-pils,"Castle owned by the von der Osten-Sacken family until 1920, repeatedly damaged by fire (1872, 1905); public building since 1926 (municipal administration, school, cultural institution).",Talsu novads,57.5106,22.3561,,,,,,von der Osten-Sacken (owned until 1920; Anna Sybil von Osten-Sacken remodeled it mid-17th century),https://en.wikipedia.org/wiki/Dundaga_Castle,2026-10-08,"Unusual/conflicting case: the source's own infobox says ""Preserved"" while its body text describes severe fire damage and destroyed historic interiors -- condition_category left null rather than picking one. The builder's identity and the exact pre-1920 ownership-transfer chain are also described with uncertainty in the source itself."
manor_estate,,Kazdangas pils,kazdangas-pils,"Neoclassical palace built 1800-1804 for the von Manteuffel family; burned in the 1905 revolution and again damaged in WWI, rebuilt 1925-1927; the Kazdanga Agricultural Trade School has occupied it since 1930.",Dienvidkurzemes novads (Kazdangas pagasts),56.73389,21.73250,damaged,,,,,von Manteuffel (commissioned 1800-1804; renovated by a later Baron von Manteuffel in 1907),https://eng.lsm.lv/article/culture/history/15.09.2025-crumbling-kazdanga-palace-given-a-year-to-find-a-future.a614396/,2026-10-08,"As of Sept. 2025, the building was uninhabited and deteriorating (estimated EUR 6-7M needed for roof/heating); a residents' association had roughly one year to propose a viable future use before the municipality considers returning the building to state ownership. No single confirmed current legal owner -- left null. Referred to as both ""Kazdanga Palace"" (English) and ""Kazdangas muiža"" (Latvian), an unstandardized naming case."
manor_estate,,Durbes pils,durbes-pils,"Manor house remodeled in the 1820s in Tukums; gifted to national poet Rainis in 1923, who owned it until his death in 1929; part of the Tukums Museum exhibition since 1991.",Tukuma novads,,,,,,,,"von Medem (Count Christoph Johann von Medem, 1818-1838); von der Recke (Baron von der Recke family, 1848-1920)",https://en.wikipedia.org/wiki/Durbe_Manor,2026-10-08,"Unusual provenance: personally gifted to Rainis, an unusual ownership episode for a former noble manor. Coordinates, current condition and a formal ownership category could not be confirmed and are left null."
manor_estate,,Ungurmuiža,ungurmuiza,Wooden manor house built 1732 -- the oldest surviving wooden residential manor house in Latvia; owned by the von Campenhausen family until 1939; interior wall paintings by painter Georg Dietrich Hinsch; housed a school for Latvian children from 1734 to the 1890s.,Cēsu novads (Raiskuma pagasts),,,,,,,,von Campenhausen (owned until 1939),https://www.entergauja.com/en/things-to-do/history/ungurmuiza,2026-10-08,"Current condition and ownership require authoritative verification. A separate 2024 report about seeking new operators is not the cited source and is therefore not treated as verified here."
palace_or_castle,,Bīriņu pils,birinu-pils,"Palace built 1857-1860 for the von Pistolkors family; used as a sanatorium 1926-1995; now a hotel, restaurant and museum.",Limbažu novads (Vidrižu pagasts),57.2438,24.6594,,,,,,von Pistolkors (built the palace); von Mellin (family tomb monument on site),https://www.celotajs.lv/en/e/info/birinupils,2026-10-08,"Operating as a hotel does not independently establish either legal ownership or a Class A condition; both remain null."
palace_or_castle,,Ēdoles pils,edoles-pils,Castle owned by the Baltic-German von Behr family from 1561 to 1920.,Kuldīgas novads (Ēdoles pagasts),57.01750,21.69694,,,,,,von Behr (1561-1920),https://en.wikipedia.org/wiki/%C4%92dole_Castle,2026-10-08,"Genuinely incomplete: the source covers ownership only up to 1920 and gives just a generic ""Preserved"" infobox tag with no supporting detail, and nothing on current use/ownership -- all left null rather than treating the short tag as a verified classification."
manor_estate,,Vecauces pils,vecauces-pils,"Manor palace of the von Medem family (built circa 1839-1845, sources disagree on exact years); heavily damaged in WWII and rebuilt with a simplified interior; owned by the Latvia University of Life Sciences and Technologies and used as the ""Vecauce"" teaching/research farm.",Dobeles novads (Vecauces pagasts),56.4680,22.8870,,,,,,von Medem (Count Johan Friedrich von Medem per body text; Count Karl von Medem per infobox -- source is internally inconsistent),https://en.wikipedia.org/wiki/Vecauce_Manor,2026-10-08,"A simplified post-war interior does not establish current cosmetic-repair needs, and university use alone is not a sufficient title check. Condition and ownership remain null. The source also conflicts on dates and the commissioning Count's first name."
palace_or_castle,,Lielstraupes pils,lielstraupes-pils,Castle acquired in 1529 by the House of Hochrosen/von Rosen line; passed through at least eight further owning families/entities over four centuries (including Tsar Paul I personally in 1797) before the von Rosen family repurchased it in 1857; used as a tractor workshop post-WWII and a state clinic 1963-2017.,Cēsu novads (Straupes pagasts),57.3468,24.947983,damaged,municipality,,,,"von Rosen (House of Hochrosen, from 1529 and again from 1857); von Albedyll (1629); von Stackelberg (1704); von Lacy; von Vietinghoff; Browne; Solms and Tecklenburg counts; Tsar Paul I (1797, imperial property)",https://en.wikipedia.org/wiki/Lielstraupe_Castle,2026-10-08,"The clearest multi-century, multi-family ownership chain in this sample -- a good stress-test for the historical_owner_families many-to-many relation. State clinic closed end-2017 due to building deterioration; now administered by the local municipality and opened to visitors."
manor_estate,,Krimuldas muiža (pils),krimuldas-muiza,19th-century manor house built for an unnamed local nobleman; expropriated in the 1920s and given to the Latvian Red Cross for a children's sanatorium; today houses the Krimulda rehabilitation hospital.,Siguldas novads (Krimuldas pagasts),,,,,,,,"(none confirmed -- source names only an unidentified ""local nobleman"" as builder)",https://www.celotajs.lv/en/e/krimuldas_mauiz,2026-10-08,"Unusual current use: a former noble manor now functioning as a hospital. Hospital use does not establish legal ownership, so ownership remains null. Municipality was inferred from the 2021 administrative reform and still needs an authoritative source."
palace_or_castle,,Krustpils pils,krustpils-pils,One of the best-preserved medieval castles in Latvia; owned by the von Korff family from 1585 (granted by Stephen Báthory) until the 1920 agrarian reform; since 1994 houses the Jēkabpils Museum of History.,Jēkabpils novads,56.5111,25.8592,,,,,,von Korff (1585-1920),https://en.wikipedia.org/wiki/Krustpils_Castle,2026-10-08,"""Best-preserved"" and museum use do not prove the platform's Class A condition or current legal ownership. Both remain null. Included to represent eastern Latvia."
palace_or_castle,,Ventspils Livonijas ordeņa pils,ventspils-livonijas-ordena-pils,"Oldest surviving building in Ventspils, built in the second half of the 13th century (first written mention 1290); successively used as a Lutheran church (1706-1835), Russian Orthodox church (1845-1901) and prison (1832-1959); since 2001 houses the Ventspils Museum administration and permanent exhibition.",Ventspils (valstspilsēta),,,,,,,,"(none confirmed -- built and used institutionally by the Livonian Order, not a private noble family)",https://muzeji.lv/en/museum-catalogue/museum/ventspils-museum-in-the-castle-of-the-livonian-order,2026-10-08,"A municipal museum can occupy a building without proving legal title, and active museum use does not prove Class A condition. Both remain null pending authoritative verification."
manor_house,,Alūksnes Jaunā pils,aluksnes-jauna-pils,Late Tudor Neo-Gothic palace built 1859-1863 for Baron Alexander von Fittinghof; garrisoned by the 7th Sigulda Infantry Brigade 1921-1940; now houses the Alūksne Museum.,Alūksnes novads,,,,,,,,von Fittinghof (spelling varies across sources),https://www.celotajs.lv/en/e/aluksnes_jauna_pils,2026-10-08,"Unusual/disputed-name case: the owning family's name is spelled differently across sources (Fittinghof vs. Vietinghoff/Fittinghoff are plausibly transliteration variants of the same Baltic-German name). Kept as the cited source spells it rather than ""corrected"". Coordinates, condition and ownership category not confirmed -- left null."
palace_or_castle,,Alsungas pils,alsungas-pils,"Livonian Order castle, held by the von Schwerin family 1573-1728 and then by the Dukes of Courland and Semigallia from 1738; a dairy operation was set up there in 1925, and the building was rebuilt for a local school in 1939.",Kuldīgas novads (Alsungas pagasts),56.9810,21.5690,,,,,,"von Schwerin (1573-1728, including Johan Ulrich von Schwerin); Dukes of Courland and Semigallia (from 1738)",https://en.wikipedia.org/wiki/Alsunga_Castle,2026-10-08,"A 1939 school conversion does not establish current cosmetic-repair needs. Present-day condition, use and ownership remain unverified."
